USE [reviewer]
DELETE FROM reviewer.DBO.TB_REVIEW_SET
DELETE FROM reviewer.DBO.TB_ITEM_ATTRIBUTE_TEXT
DELETE FROM reviewer.DBO.TB_ITEM_ATTRIBUTE
DELETE FROM reviewer.DBO.TB_ITEM_SET
DELETE FROM reviewer.DBO.TB_ATTRIBUTE_SET
DELETE FROM reviewer.DBO.TB_ATTRIBUTE_TYPE
DELETE FROM reviewer.DBO.TB_WORK_ALLOCATION
DELETE FROM reviewer.DBO.TB_SET
DELETE FROM reviewer.DBO.TB_SET_TYPE
DELETE FROM reviewer.DBO.TB_ATTRIBUTE
DELETE FROM reviewer.DBO.TB_ITEM_REVIEW
DELETE FROM reviewer.DBO.TB_CONTACT_REVIEW_ROLE
DELETE FROM reviewer.DBO.TB_REVIEW_CONTACT
DELETE FROM reviewer.DBO.TB_REVIEW_ROLE
DELETE FROM TB_SEARCH_ITEM
DELETE FROM TB_SEARCH
DELETE FROM TB_REPORT_COLUMN_CODE
DELETE FROM TB_REPORT_COLUMN
DELETE FROM TB_REPORT
DELETE FROM reviewer.DBO.TB_CONTACT
DELETE FROM reviewer.DBO.TB_ITEM_SOURCE
DELETE FROM reviewer.DBO.TB_SOURCE
DELETE FROM reviewer.DBO.tb_ITEM_DOCUMENT
DELETE FROM reviewer.DBO.TB_REVIEW
DELETE FROM reviewer.DBO.TB_ITEM
DELETE FROM reviewer.DBO.TB_TEMP_ITEM
DELETE FROM reviewer.DBO.TB_ITEM_TYPE
DELETE FROM reviewer.DBO.TB_OUTCOME_TYPE
DELETE FROM reviewer.DBO.TB_META_ANALYSIS_TYPE
DELETE FROM reviewer.DBO.TB_META_ANALYSIS_OUTCOME
DELETE FROM reviewer.DBO.TB_META_ANALYSIS
DELETE FROM reviewer.dbo.TB_IMPORT_FILTER
DELETE FROM reviewer.dbo.TB_IMPORT_FILTER_TYPE_RULE
DELETE FROM reviewer.dbo.TB_IMPORT_FILTER_TYPE_MAP
DBCC CHECKIDENT('TB_SET_TYPE', RESEED, 0)
DBCC CHECKIDENT('TB_ITEM', RESEED, 1)
DBCC CHECKIDENT('TB_ATTRIBUTE', RESEED, 0)
DBCC CHECKIDENT('TB_SOURCE', RESEED, 1)
DBCC CHECKIDENT('TB_ITEM_SOURCE', RESEED, 1)
DBCC CHECKIDENT('TB_REVIEW', RESEED, 0)
DBCC CHECKIDENT('TB_CONTACT', RESEED, 0)
DBCC CHECKIDENT('TB_ITEM_AUTHOR', RESEED, 1)
DBCC CHECKIDENT('TB_ITEM_REVIEW', RESEED, 1)

INSERT INTO TB_ITEM_TYPE([TYPE_ID], [TYPE_NAME], [DESCRIPTION], NOTES)
VALUES (14, 'Journal, Article', 'Used also for old "Journal, Whole", D(Journal short form) and "JOUR" codes', '')
INSERT INTO TB_ITEM_TYPE([TYPE_ID], [TYPE_NAME], [DESCRIPTION], NOTES)
VALUES (1, 'Report', 'Old Code was E', 'Consider using Dissertation or Research Project when appropriate')
INSERT INTO TB_ITEM_TYPE([TYPE_ID], [TYPE_NAME], [DESCRIPTION], NOTES)
VALUES (2, 'Book, Whole', '', '')
INSERT INTO TB_ITEM_TYPE([TYPE_ID], [TYPE_NAME], [DESCRIPTION], NOTES)
VALUES (3, 'Book, Chapter', '', '')
INSERT INTO TB_ITEM_TYPE([TYPE_ID], [TYPE_NAME], [DESCRIPTION], NOTES)
VALUES (4, 'Dissertation', 'Old Code Was G', 'Use the Edition field to specify the thesis type')
INSERT INTO TB_ITEM_TYPE([TYPE_ID], [TYPE_NAME], [DESCRIPTION], NOTES)
VALUES (5, 'Conference Proceedings', 'Old Code Was K', '')
INSERT INTO TB_ITEM_TYPE([TYPE_ID], [TYPE_NAME], [DESCRIPTION], NOTES)
VALUES (6, 'Document From Internet Site', 'This is a single document', 'Date fields refer to publication date, if known')
INSERT INTO TB_ITEM_TYPE([TYPE_ID], [TYPE_NAME], [DESCRIPTION], NOTES)
VALUES (7, 'Web Site', 'This is a multi-page website ', 'URL field should contain the root of the site hierarchy, date fields should refer to last visited date')
INSERT INTO TB_ITEM_TYPE([TYPE_ID], [TYPE_NAME], [DESCRIPTION], NOTES)
VALUES (8, 'DVD, Video, Media', '', '')
INSERT INTO TB_ITEM_TYPE([TYPE_ID], [TYPE_NAME], [DESCRIPTION], NOTES)
VALUES (9, 'Research project', '', '')
INSERT INTO TB_ITEM_TYPE([TYPE_ID], [TYPE_NAME], [DESCRIPTION], NOTES)
VALUES (10, 'Article In A Periodical', 'Newspapers, magazines and similar. Old codes are "PER" and F(newspaper)', '')
INSERT INTO TB_ITEM_TYPE([TYPE_ID], [TYPE_NAME], [DESCRIPTION], NOTES)
VALUES (11, 'Interview', 'Old code was INT', 'Author role = 0 is for the Interviewer, Author role = 1 for the Interviewee')
INSERT INTO TB_ITEM_TYPE([TYPE_ID], [TYPE_NAME], [DESCRIPTION], NOTES)
VALUES (12, 'Generic', 'Whatever does not fit any of the above, only old code that fits here is H(trade catalogue)', '')
go
INSERT INTO TB_OUTCOME_TYPE(OUTCOME_TYPE_NAME, OUTCOME_TYPE_ID)
VALUES ('User defined', 0)
INSERT INTO TB_OUTCOME_TYPE(OUTCOME_TYPE_NAME, OUTCOME_TYPE_ID)
VALUES ('N, Mean, SD', 1)
INSERT INTO TB_OUTCOME_TYPE(OUTCOME_TYPE_NAME, OUTCOME_TYPE_ID)
VALUES ('N, Mean, CI', 2)
go
INSERT INTO TB_META_ANALYSIS_TYPE (META_ANALYSIS_TYPE_ID, META_ANALYSIS_TYPE_TITLE)
VALUES (0, 'Continuous: d (Hedges g)')
INSERT INTO TB_META_ANALYSIS_TYPE (META_ANALYSIS_TYPE_ID, META_ANALYSIS_TYPE_TITLE)
VALUES (1, 'Continuous: r')
INSERT INTO TB_META_ANALYSIS_TYPE (META_ANALYSIS_TYPE_ID, META_ANALYSIS_TYPE_TITLE)
VALUES (2, 'Binary: odds ratio')
INSERT INTO TB_META_ANALYSIS_TYPE (META_ANALYSIS_TYPE_ID, META_ANALYSIS_TYPE_TITLE)
VALUES (3, 'Binary: risk ratio')
INSERT INTO TB_META_ANALYSIS_TYPE (META_ANALYSIS_TYPE_ID, META_ANALYSIS_TYPE_TITLE)
VALUES (4, 'Binary: risk difference')
GO
INSERT [dbo].[TB_REVIEW_ROLE] ([ROLE_NAME], [ROLE_DESCR]) VALUES (N'AdminUser', N'Has full rights over the review')
INSERT [dbo].[TB_REVIEW_ROLE] ([ROLE_NAME], [ROLE_DESCR]) VALUES (N'ReadOnlyUser', N'Read Only access to the review')
INSERT [dbo].[TB_REVIEW_ROLE] ([ROLE_NAME], [ROLE_DESCR]) VALUES (N'RegularUser', N'Has ordinary rights, but can''t modify rights of other users')
GO

--create all users but set them all as expired
INSERT INTO [reviewer].DBO.[TB_CONTACT](
	OLD_CONTACT_ID,
	CONTACT_NAME, 
	USERNAME, 
	[PASSWORD], 
	LAST_LOGIN, 
	DATE_CREATED,
	EXPIRY_DATE,
	EMAIL)
SELECT CONTACT_ID,
	RTRIM(CONTACT),
	RTRIM(USERID),
	RTRIM([PASSWD]),
	LAST_LOGIN,
	DATE_CREATED,
	(dateadd(month,(-2),getdate())),
	RTRIM(EMAIL) 
FROM [epi2].EPPI_WEB.DBO.[TB_CONTACT]

INSERT INTO reviewer.DBO.TB_SET_TYPE(SET_TYPE, OLD_GUIDELINE_STATUS_ID)
SELECT GUIDELINE_STATUS, CAST(GUIDELINE_STATUS_ID AS INT) FROM [epi2].EPPI_WEB.DBO.TB_GUIDELINE_STATUS

INSERT INTO reviewer.DBO.TB_ATTRIBUTE_TYPE(ATTRIBUTE_TYPE, OLD_IS_ANSWER, ATTRIBUTE_TYPE_ID) VALUES('Not selectable (no checkbox)', 'N', 1)
INSERT INTO reviewer.DBO.TB_ATTRIBUTE_TYPE(ATTRIBUTE_TYPE, OLD_IS_ANSWER, ATTRIBUTE_TYPE_ID) VALUES('Selectable (show checkbox)', 'Y', 2)
INSERT INTO reviewer.DBO.TB_ATTRIBUTE_TYPE(ATTRIBUTE_TYPE, OLD_IS_ANSWER, ATTRIBUTE_TYPE_ID) VALUES('Selectable (show radiobutton)', 'Y', 3)
INSERT INTO reviewer.DBO.TB_ATTRIBUTE_TYPE(ATTRIBUTE_TYPE, OLD_IS_ANSWER, ATTRIBUTE_TYPE_ID) VALUES('Outcome', 'Y', 4)
INSERT INTO reviewer.DBO.TB_ATTRIBUTE_TYPE(ATTRIBUTE_TYPE, OLD_IS_ANSWER, ATTRIBUTE_TYPE_ID) VALUES('Intervention', 'Y', 5)
INSERT INTO reviewer.DBO.TB_ATTRIBUTE_TYPE(ATTRIBUTE_TYPE, OLD_IS_ANSWER, ATTRIBUTE_TYPE_ID) VALUES('Comparison', 'Y', 6)
INSERT INTO reviewer.DBO.TB_ATTRIBUTE_TYPE(ATTRIBUTE_TYPE, OLD_IS_ANSWER, ATTRIBUTE_TYPE_ID) VALUES('Numeric value', 'Y', 7)
INSERT INTO reviewer.DBO.TB_ATTRIBUTE_TYPE(ATTRIBUTE_TYPE, OLD_IS_ANSWER, ATTRIBUTE_TYPE_ID) VALUES('Mark as included', 'Y', 8)




INSERT INTO TB_CONTACT(CONTACT_NAME, USERNAME, PASSWORD)
VALUES('Guest meta-analyst', 'meta', 'analysis')

go
-- this is a quick workaround: we need tb_source and tb_item_source to have at least one line from the start
insert into TB_REVIEW(REVIEW_NAME, MONTHS_CREDIT) VALUES ('PlaceHolderRev', 1)
INSERT INTO TB_SOURCE(SOURCE_NAME, REVIEW_ID) VALUES
	 ('PlaceHolderSrc', (select review_ID from reviewer.dbo.TB_REVIEW where REVIEW_NAME = 'PlaceHolderRev'))
INSERT INTO TB_ITEM (TYPE_ID, TITLE) VALUES (11, 'PlaceholderItem')
INSERT INTO TB_ITEM_SOURCE(ITEM_ID, SOURCE_ID) VALUES 
	((select ITEM_ID from TB_ITEM where TITLE = 'PlaceholderItem' and TYPE_ID = 11), 
	(select SOURCE_ID from TB_SOURCE where SOURCE_NAME = 'PlaceHolderSrc'))

--INSERT INTO TB_REVIEW_CONTACT(CONTACT_ID, REVIEW_ID)
--SELECT DISTINCT CONTACT_ID, 281 FROM TB_CONTACT
--WHERE old_contact_id = 'JAMES'

-- ************************* Insert Import Filter Rules ************************** --
SET IDENTITY_INSERT [dbo].[TB_IMPORT_FILTER] ON
INSERT [dbo].[TB_IMPORT_FILTER] ([IMPORT_FILTER_ID], [IMPORT_FILTER_NAME], [IMPORT_FILTER_NOTES], [STARTOFNEWREC], [TYPEFIELD], [STARTOFNEWFIELD], [TITLE], [PTITLE], [SHORTTITLE], [DATE], [MONTH], [AUTHOR], [PARENTAUTHOR], [STANDARDN], [CITY], [PUBLISHER], [INSTITUTION], [VOLUME], [ISSUE], [EDITION], [STARTPAGE], [ENDPAGE], [PAGES], [AVAILABILITY], [URL], [ABSTRACT], [OLD_ITEM_ID], [NOTES], [DEFAULTTYPECODE]) VALUES (3, N'RIS', NULL, N'TY  -', N'TY  -', N'[A-Z][0-Z]  -', N'(T1|TI|CT)  -', N'(JA|JF|T2|BT|T3)  -', N'(T1|TI|CT)  -', N'[YP][1Y]  -', N'Y2  -', N'A[U1]  -', N'(A2|ED)  -', N'SN  -', N'CY  -', N'PB  -', N'\\M\\w', N'VL  -', N'(IS|CP)  -', N'\\M\\w', N'SP  -', N'EP  -', N'\\M\\w', N'AV  -', N'(UR|L1|L2)  -', N'(N2|AB)  -', N'U1  -', N'N1  -', 0)
INSERT [dbo].[TB_IMPORT_FILTER] ([IMPORT_FILTER_ID], [IMPORT_FILTER_NAME], [IMPORT_FILTER_NOTES], [STARTOFNEWREC], [TYPEFIELD], [STARTOFNEWFIELD], [TITLE], [PTITLE], [SHORTTITLE], [DATE], [MONTH], [AUTHOR], [PARENTAUTHOR], [STANDARDN], [CITY], [PUBLISHER], [INSTITUTION], [VOLUME], [ISSUE], [EDITION], [STARTPAGE], [ENDPAGE], [PAGES], [AVAILABILITY], [URL], [ABSTRACT], [OLD_ITEM_ID], [NOTES], [DEFAULTTYPECODE]) VALUES (4, N'PubMed', NULL, N'PMID-', N'PT  -', N'^[A-Za-z][A-Za-z][A-Za-z\s][A-Za-z\s]-', N'(T1|TI|CT)  -', N'JT  -', N'(T1|TI|CT)  -', N'DP  -', N'\\M\\w', N'A[U1]  -', N'(A2|ED)  -', N'IS  -', N'PL  -', N'PB  -', N'CN  -', N'VI  -', N'IP  -', N'\\M\\w', N'SP  -', N'EP  -', N'PG  -', N'AV  -', N'(UR|L1|L2)  -', N'(N2|AB)  -', N'\\M\\w', N'GN  -', 0)
INSERT [dbo].[TB_IMPORT_FILTER] ([IMPORT_FILTER_ID], [IMPORT_FILTER_NAME], [IMPORT_FILTER_NOTES], [STARTOFNEWREC], [TYPEFIELD], [STARTOFNEWFIELD], [TITLE], [PTITLE], [SHORTTITLE], [DATE], [MONTH], [AUTHOR], [PARENTAUTHOR], [STANDARDN], [CITY], [PUBLISHER], [INSTITUTION], [VOLUME], [ISSUE], [EDITION], [STARTPAGE], [ENDPAGE], [PAGES], [AVAILABILITY], [URL], [ABSTRACT], [OLD_ITEM_ID], [NOTES], [DEFAULTTYPECODE]) VALUES (5, N'RefWorks', NULL, N'^RT ', N'RT ', N'^[A-Z][0-Z] ', N'T1 ', N'(JF|T2) ', N'T1|ST ', N'YR ', N'FD ', N'A1 ', N'A[2-5] ', N'SN ', N'PP ', N'PB ', N'\\M\\w', N'VL ', N'IS ', N'ED ', N'SP ', N'OP ', N'\\M\\w', N'AV ', N'UL ', N'AB ', N'\\M\\w', N'NO ', 12)
INSERT [dbo].[TB_IMPORT_FILTER] ([IMPORT_FILTER_ID], [IMPORT_FILTER_NAME], [IMPORT_FILTER_NOTES], [STARTOFNEWREC], [TYPEFIELD], [STARTOFNEWFIELD], [TITLE], [PTITLE], [SHORTTITLE], [DATE], [MONTH], [AUTHOR], [PARENTAUTHOR], [STANDARDN], [CITY], [PUBLISHER], [INSTITUTION], [VOLUME], [ISSUE], [EDITION], [STARTPAGE], [ENDPAGE], [PAGES], [AVAILABILITY], [URL], [ABSTRACT], [OLD_ITEM_ID], [NOTES], [DEFAULTTYPECODE]) VALUES (6, N'ERIC CSA', NULL, N'DN: ', N'PT: Publication Type\r\n    ', N'[A-Z][A-Z]: ', N'TI: Title\r\n    ', N'SO: Source¬;[ ]', N'\\M\\w', N'PY: Publication Year\r\n    ', N'\\M\\w', N'(AU|CA): (Author|Corporate Author)\r\n    ', N'CA: Corporate Author\r\n    ', N'(IS|IB): (ISSN|ISBN)\r\n    ', N'\\M\\w', N'PB: Publisher\r\n    ', N'\\M\\w', N'SO: Source[^;]+;[ ]v¬[ ]', N'SO: Source[^;]+;[ ]v[0-9]+[ ]n¬[ ]', N'\\M\\w', N'\\M\\w', N'\\M\\w', N'SO: Source[^;]+;[ ]v[0-9]+[ ]n[0-9]+[ ]p¬[ ]', N'AV: Availability\r\n    ', N'\\M\\w', N'AB: Abstract\r\n    ', N'\\M\\w', N'NT: Notes\r\n    ', 14)
INSERT [dbo].[TB_IMPORT_FILTER] ([IMPORT_FILTER_ID], [IMPORT_FILTER_NAME], [IMPORT_FILTER_NOTES], [STARTOFNEWREC], [TYPEFIELD], [STARTOFNEWFIELD], [TITLE], [PTITLE], [SHORTTITLE], [DATE], [MONTH], [AUTHOR], [PARENTAUTHOR], [STANDARDN], [CITY], [PUBLISHER], [INSTITUTION], [VOLUME], [ISSUE], [EDITION], [STARTPAGE], [ENDPAGE], [PAGES], [AVAILABILITY], [URL], [ABSTRACT], [OLD_ITEM_ID], [NOTES], [DEFAULTTYPECODE]) VALUES (7, N'psycINFO', N'', N'[ ]{0,5}Record: [0-9]+', N'AT- |PT- ', N'^[A-Z][0-Z]- ', N'TI- ', N'SO- ', N'TI- ', N'YR- |SD- ', N'SD-', N'AU- ', N'PA- ¬[(]', N'IB- |SN- ', N'PU- ¬:', N'PU- [^:]*:|PU- ', N'\\M\\w', N'VI- ', N'IP- ', N'\\M\\w', N'SP- ', N'EP- ', N'PG- ', N'MT- |MA- ', N'UR- ¬[ \r\n]', N'AB- ', N'\\M\\w', N'KP- |AG -', 12)
SET IDENTITY_INSERT [dbo].[TB_IMPORT_FILTER] OFF

SET IDENTITY_INSERT [dbo].[TB_IMPORT_FILTER_TYPE_RULE] ON
INSERT [dbo].[TB_IMPORT_FILTER_TYPE_RULE] ([TB_IMPORT_FILTER_TYPE_RULE_ID], [IMPORT_FILTER_ID], [RULE_NAME], [RULE_REGEX], [TYPE_CODE]) VALUES (7, 3, N'Edition', N'VL  -', 2)
INSERT [dbo].[TB_IMPORT_FILTER_TYPE_RULE] ([TB_IMPORT_FILTER_TYPE_RULE_ID], [IMPORT_FILTER_ID], [RULE_NAME], [RULE_REGEX], [TYPE_CODE]) VALUES (8, 3, N'Volume', NULL, 2)
INSERT [dbo].[TB_IMPORT_FILTER_TYPE_RULE] ([TB_IMPORT_FILTER_TYPE_RULE_ID], [IMPORT_FILTER_ID], [RULE_NAME], [RULE_REGEX], [TYPE_CODE]) VALUES (9, 3, N'Edition', N'VL  -', 4)
INSERT [dbo].[TB_IMPORT_FILTER_TYPE_RULE] ([TB_IMPORT_FILTER_TYPE_RULE_ID], [IMPORT_FILTER_ID], [RULE_NAME], [RULE_REGEX], [TYPE_CODE]) VALUES (10, 3, N'Volume', NULL, 4)
INSERT [dbo].[TB_IMPORT_FILTER_TYPE_RULE] ([TB_IMPORT_FILTER_TYPE_RULE_ID], [IMPORT_FILTER_ID], [RULE_NAME], [RULE_REGEX], [TYPE_CODE]) VALUES (11, 3, N'Institution', N'PB  -', 4)
INSERT [dbo].[TB_IMPORT_FILTER_TYPE_RULE] ([TB_IMPORT_FILTER_TYPE_RULE_ID], [IMPORT_FILTER_ID], [RULE_NAME], [RULE_REGEX], [TYPE_CODE]) VALUES (12, 3, N'Publisher', NULL, 4)
INSERT [dbo].[TB_IMPORT_FILTER_TYPE_RULE] ([TB_IMPORT_FILTER_TYPE_RULE_ID], [IMPORT_FILTER_ID], [RULE_NAME], [RULE_REGEX], [TYPE_CODE]) VALUES (13, 4, N'Edition', N'VL  -', 2)
INSERT [dbo].[TB_IMPORT_FILTER_TYPE_RULE] ([TB_IMPORT_FILTER_TYPE_RULE_ID], [IMPORT_FILTER_ID], [RULE_NAME], [RULE_REGEX], [TYPE_CODE]) VALUES (14, 4, N'Volume', NULL, 2)
INSERT [dbo].[TB_IMPORT_FILTER_TYPE_RULE] ([TB_IMPORT_FILTER_TYPE_RULE_ID], [IMPORT_FILTER_ID], [RULE_NAME], [RULE_REGEX], [TYPE_CODE]) VALUES (15, 4, N'Edition', N'VL  -', 4)
INSERT [dbo].[TB_IMPORT_FILTER_TYPE_RULE] ([TB_IMPORT_FILTER_TYPE_RULE_ID], [IMPORT_FILTER_ID], [RULE_NAME], [RULE_REGEX], [TYPE_CODE]) VALUES (16, 4, N'Volume', NULL, 4)
INSERT [dbo].[TB_IMPORT_FILTER_TYPE_RULE] ([TB_IMPORT_FILTER_TYPE_RULE_ID], [IMPORT_FILTER_ID], [RULE_NAME], [RULE_REGEX], [TYPE_CODE]) VALUES (17, 4, N'Institution', N'PB  -', 4)
INSERT [dbo].[TB_IMPORT_FILTER_TYPE_RULE] ([TB_IMPORT_FILTER_TYPE_RULE_ID], [IMPORT_FILTER_ID], [RULE_NAME], [RULE_REGEX], [TYPE_CODE]) VALUES (18, 4, N'Publisher', NULL, 4)
INSERT [dbo].[TB_IMPORT_FILTER_TYPE_RULE] ([TB_IMPORT_FILTER_TYPE_RULE_ID], [IMPORT_FILTER_ID], [RULE_NAME], [RULE_REGEX], [TYPE_CODE]) VALUES (19, 5, N'Institution', N'PB ', 4)
INSERT [dbo].[TB_IMPORT_FILTER_TYPE_RULE] ([TB_IMPORT_FILTER_TYPE_RULE_ID], [IMPORT_FILTER_ID], [RULE_NAME], [RULE_REGEX], [TYPE_CODE]) VALUES (20, 5, N'Publisher', NULL, 4)
INSERT [dbo].[TB_IMPORT_FILTER_TYPE_RULE] ([TB_IMPORT_FILTER_TYPE_RULE_ID], [IMPORT_FILTER_ID], [RULE_NAME], [RULE_REGEX], [TYPE_CODE]) VALUES (24, 6, N'pAuthorsLi', N'SO: Source¬;[ ]', 1)
INSERT [dbo].[TB_IMPORT_FILTER_TYPE_RULE] ([TB_IMPORT_FILTER_TYPE_RULE_ID], [IMPORT_FILTER_ID], [RULE_NAME], [RULE_REGEX], [TYPE_CODE]) VALUES (25, 6, N'Pages', N'SO: Source[^;]+;[ ]+¬p', 1)
INSERT [dbo].[TB_IMPORT_FILTER_TYPE_RULE] ([TB_IMPORT_FILTER_TYPE_RULE_ID], [IMPORT_FILTER_ID], [RULE_NAME], [RULE_REGEX], [TYPE_CODE]) VALUES (26, 6, N'pAuthorsLi', N'SO: Source¬;[ ]', 2)
INSERT [dbo].[TB_IMPORT_FILTER_TYPE_RULE] ([TB_IMPORT_FILTER_TYPE_RULE_ID], [IMPORT_FILTER_ID], [RULE_NAME], [RULE_REGEX], [TYPE_CODE]) VALUES (29, 6, N'Pages', N'SO: Source[^;]+;[ ]+¬p', 2)
INSERT [dbo].[TB_IMPORT_FILTER_TYPE_RULE] ([TB_IMPORT_FILTER_TYPE_RULE_ID], [IMPORT_FILTER_ID], [RULE_NAME], [RULE_REGEX], [TYPE_CODE]) VALUES (30, 6, N'pAuthorsLi', N'\\M\\w', 5)
INSERT [dbo].[TB_IMPORT_FILTER_TYPE_RULE] ([TB_IMPORT_FILTER_TYPE_RULE_ID], [IMPORT_FILTER_ID], [RULE_NAME], [RULE_REGEX], [TYPE_CODE]) VALUES (31, 6, N'Pages', N'SO: Source[^.]+.[ ]+¬p', 5)
INSERT [dbo].[TB_IMPORT_FILTER_TYPE_RULE] ([TB_IMPORT_FILTER_TYPE_RULE_ID], [IMPORT_FILTER_ID], [RULE_NAME], [RULE_REGEX], [TYPE_CODE]) VALUES (33, 6, N'Pages', N'SO: Source[^.]+.[ ]+¬p', 4)
INSERT [dbo].[TB_IMPORT_FILTER_TYPE_RULE] ([TB_IMPORT_FILTER_TYPE_RULE_ID], [IMPORT_FILTER_ID], [RULE_NAME], [RULE_REGEX], [TYPE_CODE]) VALUES (34, 6, N'pTitle', N'SO: Source¬\.[ ]', 4)
INSERT [dbo].[TB_IMPORT_FILTER_TYPE_RULE] ([TB_IMPORT_FILTER_TYPE_RULE_ID], [IMPORT_FILTER_ID], [RULE_NAME], [RULE_REGEX], [TYPE_CODE]) VALUES (35, 6, N'pTitle', N'SO: Source¬\.[ ]', 5)
INSERT [dbo].[TB_IMPORT_FILTER_TYPE_RULE] ([TB_IMPORT_FILTER_TYPE_RULE_ID], [IMPORT_FILTER_ID], [RULE_NAME], [RULE_REGEX], [TYPE_CODE]) VALUES (21, 7, N'pTitle', N'PB- ', 3)
SET IDENTITY_INSERT [dbo].[TB_IMPORT_FILTER_TYPE_RULE] OFF

SET IDENTITY_INSERT [dbo].[TB_IMPORT_FILTER_TYPE_MAP] ON
INSERT [dbo].[TB_IMPORT_FILTER_TYPE_MAP] ([IMPORT_FILTER_TYPE_MAP_ID], [IMPORT_FILTER_ID], [TYPE_CODE], [TYPE_REGEX]) VALUES (21, 3, 14, N'JOUR|JFULL')
INSERT [dbo].[TB_IMPORT_FILTER_TYPE_MAP] ([IMPORT_FILTER_TYPE_MAP_ID], [IMPORT_FILTER_ID], [TYPE_CODE], [TYPE_REGEX]) VALUES (22, 3, 1, N'RPRT|PAMP|PCOMM|UNPB')
INSERT [dbo].[TB_IMPORT_FILTER_TYPE_MAP] ([IMPORT_FILTER_TYPE_MAP_ID], [IMPORT_FILTER_ID], [TYPE_CODE], [TYPE_REGEX]) VALUES (23, 3, 2, N'BOOK')
INSERT [dbo].[TB_IMPORT_FILTER_TYPE_MAP] ([IMPORT_FILTER_TYPE_MAP_ID], [IMPORT_FILTER_ID], [TYPE_CODE], [TYPE_REGEX]) VALUES (24, 3, 3, N'CHAP')
INSERT [dbo].[TB_IMPORT_FILTER_TYPE_MAP] ([IMPORT_FILTER_TYPE_MAP_ID], [IMPORT_FILTER_ID], [TYPE_CODE], [TYPE_REGEX]) VALUES (25, 3, 4, N'THES')
INSERT [dbo].[TB_IMPORT_FILTER_TYPE_MAP] ([IMPORT_FILTER_TYPE_MAP_ID], [IMPORT_FILTER_ID], [TYPE_CODE], [TYPE_REGEX]) VALUES (26, 3, 5, N'CONF')
INSERT [dbo].[TB_IMPORT_FILTER_TYPE_MAP] ([IMPORT_FILTER_TYPE_MAP_ID], [IMPORT_FILTER_ID], [TYPE_CODE], [TYPE_REGEX]) VALUES (27, 3, 6, N'ELEC|ICOMM')
INSERT [dbo].[TB_IMPORT_FILTER_TYPE_MAP] ([IMPORT_FILTER_TYPE_MAP_ID], [IMPORT_FILTER_ID], [TYPE_CODE], [TYPE_REGEX]) VALUES (28, 3, 8, N'ADVS|VIDEO|ART|MPCT|MUSIC|SOUND|SLIDE')
INSERT [dbo].[TB_IMPORT_FILTER_TYPE_MAP] ([IMPORT_FILTER_TYPE_MAP_ID], [IMPORT_FILTER_ID], [TYPE_CODE], [TYPE_REGEX]) VALUES (29, 3, 10, N'MGZN|NEWS')
INSERT [dbo].[TB_IMPORT_FILTER_TYPE_MAP] ([IMPORT_FILTER_TYPE_MAP_ID], [IMPORT_FILTER_ID], [TYPE_CODE], [TYPE_REGEX]) VALUES (30, 3, 12, N'ABST|BILL|CASE|COMP|CTLG|DATA|GEN|HEAR|INPR|MAP|PAT|STAT|UNBILl')
INSERT [dbo].[TB_IMPORT_FILTER_TYPE_MAP] ([IMPORT_FILTER_TYPE_MAP_ID], [IMPORT_FILTER_ID], [TYPE_CODE], [TYPE_REGEX]) VALUES (31, 4, 14, N'Journal Article')
INSERT [dbo].[TB_IMPORT_FILTER_TYPE_MAP] ([IMPORT_FILTER_TYPE_MAP_ID], [IMPORT_FILTER_ID], [TYPE_CODE], [TYPE_REGEX]) VALUES (32, 5, 14, N'Journal Article|Journal, Electronic|Abstract')
INSERT [dbo].[TB_IMPORT_FILTER_TYPE_MAP] ([IMPORT_FILTER_TYPE_MAP_ID], [IMPORT_FILTER_ID], [TYPE_CODE], [TYPE_REGEX]) VALUES (33, 5, 1, N'Report|Unpublished Material|Personal Communication')
INSERT [dbo].[TB_IMPORT_FILTER_TYPE_MAP] ([IMPORT_FILTER_TYPE_MAP_ID], [IMPORT_FILTER_ID], [TYPE_CODE], [TYPE_REGEX]) VALUES (34, 5, 2, N'Book, Edited|Book, Whole|Monograph')
INSERT [dbo].[TB_IMPORT_FILTER_TYPE_MAP] ([IMPORT_FILTER_TYPE_MAP_ID], [IMPORT_FILTER_ID], [TYPE_CODE], [TYPE_REGEX]) VALUES (35, 5, 3, N'Book, Section')
INSERT [dbo].[TB_IMPORT_FILTER_TYPE_MAP] ([IMPORT_FILTER_TYPE_MAP_ID], [IMPORT_FILTER_ID], [TYPE_CODE], [TYPE_REGEX]) VALUES (36, 5, 4, N'Dissertation|Thesis|Dissertation/Thesis|Dissertation/Thesis, Unpublished|Dissertation, Unpublished|Thesis, Unpublished')
INSERT [dbo].[TB_IMPORT_FILTER_TYPE_MAP] ([IMPORT_FILTER_TYPE_MAP_ID], [IMPORT_FILTER_ID], [TYPE_CODE], [TYPE_REGEX]) VALUES (37, 5, 5, N'Conference Proceedings')
INSERT [dbo].[TB_IMPORT_FILTER_TYPE_MAP] ([IMPORT_FILTER_TYPE_MAP_ID], [IMPORT_FILTER_ID], [TYPE_CODE], [TYPE_REGEX]) VALUES (38, 5, 6, N'Web Page')
INSERT [dbo].[TB_IMPORT_FILTER_TYPE_MAP] ([IMPORT_FILTER_TYPE_MAP_ID], [IMPORT_FILTER_ID], [TYPE_CODE], [TYPE_REGEX]) VALUES (39, 5, 8, N'Artwork|Motion Picture|Music Score|Sound Recording|Video/DVD|Video|DVD')
INSERT [dbo].[TB_IMPORT_FILTER_TYPE_MAP] ([IMPORT_FILTER_TYPE_MAP_ID], [IMPORT_FILTER_ID], [TYPE_CODE], [TYPE_REGEX]) VALUES (40, 5, 9, N'Grant')
INSERT [dbo].[TB_IMPORT_FILTER_TYPE_MAP] ([IMPORT_FILTER_TYPE_MAP_ID], [IMPORT_FILTER_ID], [TYPE_CODE], [TYPE_REGEX]) VALUES (41, 5, 10, N'Magazine Article|Newspaper Article')
INSERT [dbo].[TB_IMPORT_FILTER_TYPE_MAP] ([IMPORT_FILTER_TYPE_MAP_ID], [IMPORT_FILTER_ID], [TYPE_CODE], [TYPE_REGEX]) VALUES (42, 5, 12, N'Bills/Resolutions|Bills|Resolutions|Case/Court Decisions|Case Decisions|Court Decisions|Computer Program|Generic|Hearing|Laws|Laws/Statutes|Statutes|Map|Online Discussion Forum|Patent')
INSERT [dbo].[TB_IMPORT_FILTER_TYPE_MAP] ([IMPORT_FILTER_TYPE_MAP_ID], [IMPORT_FILTER_ID], [TYPE_CODE], [TYPE_REGEX]) VALUES (50, 6, 1, N'PT: Publication Type\r\n    142 Reports')
INSERT [dbo].[TB_IMPORT_FILTER_TYPE_MAP] ([IMPORT_FILTER_TYPE_MAP_ID], [IMPORT_FILTER_ID], [TYPE_CODE], [TYPE_REGEX]) VALUES (51, 6, 14, N'PT: Publication Type\r\n    080 Journal Articles')
INSERT [dbo].[TB_IMPORT_FILTER_TYPE_MAP] ([IMPORT_FILTER_TYPE_MAP_ID], [IMPORT_FILTER_ID], [TYPE_CODE], [TYPE_REGEX]) VALUES (52, 6, 2, N'PT: Publication Type\r\n    010 Books')
INSERT [dbo].[TB_IMPORT_FILTER_TYPE_MAP] ([IMPORT_FILTER_TYPE_MAP_ID], [IMPORT_FILTER_ID], [TYPE_CODE], [TYPE_REGEX]) VALUES (53, 6, 5, N'PT: Publication Type\r\n    021 Collected Works: Proceedings')
INSERT [dbo].[TB_IMPORT_FILTER_TYPE_MAP] ([IMPORT_FILTER_TYPE_MAP_ID], [IMPORT_FILTER_ID], [TYPE_CODE], [TYPE_REGEX]) VALUES (54, 6, 4, N'PT: Publication Type\r\n    041 Dissertations/Theses')
INSERT [dbo].[TB_IMPORT_FILTER_TYPE_MAP] ([IMPORT_FILTER_TYPE_MAP_ID], [IMPORT_FILTER_ID], [TYPE_CODE], [TYPE_REGEX]) VALUES (46, 7, 14, N'Journal Article|[jJ]ournal Citation|Review-Book|Review-Media')
INSERT [dbo].[TB_IMPORT_FILTER_TYPE_MAP] ([IMPORT_FILTER_TYPE_MAP_ID], [IMPORT_FILTER_ID], [TYPE_CODE], [TYPE_REGEX]) VALUES (47, 7, 4, N'Dissertation')
INSERT [dbo].[TB_IMPORT_FILTER_TYPE_MAP] ([IMPORT_FILTER_TYPE_MAP_ID], [IMPORT_FILTER_ID], [TYPE_CODE], [TYPE_REGEX]) VALUES (48, 7, 2, N'Book')
INSERT [dbo].[TB_IMPORT_FILTER_TYPE_MAP] ([IMPORT_FILTER_TYPE_MAP_ID], [IMPORT_FILTER_ID], [TYPE_CODE], [TYPE_REGEX]) VALUES (49, 7, 3, N'Chapter|Encyclopedia Entry')
SET IDENTITY_INSERT [dbo].[TB_IMPORT_FILTER_TYPE_MAP] OFF
-- *********************** END OF Filter Rules ************************* --

-- *********************** INSERT default server message *************** --
INSERT INTO [ReviewerAdmin].[dbo].[TB_LATEST_SERVER_MESSAGE] ([MESSAGE]) VALUES ('Normal.')
UPDATE Reviewer.dbo.TB_CONTACT SET EXPIRY_DATE = DATEADD(yy,10 , getdate())
	,IS_SITE_ADMIN = 1
	WHERE USERNAME = 'jt' or USERNAME = 'jb' or USERNAME = 'sg'
GO